29164731;Bicanga;Serra;Rua Goiás;ES
29164732;Bicanga;Serra;Rua dos Colibris;ES
29164745;Bicanga;Serra;Rua Alegre;ES
29164747;Bicanga;Serra;Avenida Meridional;ES
29164750;Bicanga;Serra;Rua Cândido Portinari;ES
29164751;Bicanga;Serra;Rua Lasar Segall;ES
29164752;Bicanga;Serra;Rua Carybé;ES
29164753;Bicanga;Serra;Rua Anita Malfatti;ES
29164754;Bicanga;Serra;Rua Alfredo Volpi;ES
29164755;Bicanga;Serra;Rua Iberê Camargo;ES
29164756;Bicanga;Serra;Rua Tarsila do Amaral;ES
29164757;Bicanga;Serra;Rua Di Cavalcanti;ES
29164758;Bicanga;Serra;Rua Levino Fanzeres;ES
29164759;Bicanga;Serra;Rua Lygia Clark;ES
29164761;Bicanga;Serra;Rua Roberto Burle Marx;ES
29164762;Bicanga;Serra;Rua Almeida Junior;ES
29164764;Bicanga;Serra;Rua Manuel de Araújo Porto-Alegre;ES
29164765;Bicanga;Serra;Rua Pedro Américo;ES
29164766;Bicanga;Serra;Rua Benedito Calixto;ES
29164767;Bicanga;Serra;Rua Hélio Oiticica;ES
29164782;Bicanga;Serra;Rua Hawaí;ES
29164783;Bicanga;Serra;Rua Felipe Xavier;ES
29164784;Bicanga;Serra;Rua Goiânia;ES
29164785;Bicanga;Serra;Rua Pernambuco;ES
29164787;Bicanga;Serra;Rua Brasília;ES
29164788;Bicanga;Serra;Rua Morada Verde;ES
29164789;Bicanga;Serra;Rua Amapá;ES
29164790;Bicanga;Serra;Rua Acre;ES
29164791;Bicanga;Serra;Rua Amazonas;ES
29164792;Bicanga;Serra;Rua São Francisco;ES
29164793;Bicanga;Serra;Beco Rio Grande do Sul;ES
29164795;Bicanga;Serra;Rua Gutemberg;ES
29164796;Bicanga;Serra;Avenida Curitiba;ES
29164797;Bicanga;Serra;Rua Rio Grande do Sul;ES
29164798;Bicanga;Serra;Rua Santa Catarina;ES
29164799;Bicanga;Serra;Rua Espírito Santo;ES
29164800;Bicanga;Serra;Avenida Beira Mar;ES
29164801;Bicanga;Serra;Rua Minas Gerais;ES
29164802;Bicanga;Serra;Rua Bahia;ES
29164803;Bicanga;Serra;Rua São Paulo;ES
29164804;Bicanga;Serra;Rua Santo Antônio;ES
29164805;Bicanga;Serra;Rua Paraná;ES
29164806;Bicanga;Serra;Rua Santa Rosa de Lima;ES
29164807;Bicanga;Serra;Rua Rio de Janeiro;ES
29164810;Bicanga;Serra;Rua Belo Horizonte;ES
29164811;Bicanga;Serra;Rua Rio Grande do Norte;ES
29164812;Bicanga;Serra;Rua Maranhão;ES
29164814;Bicanga;Serra;Rua Alagoas;ES
29164815;Bicanga;Serra;Rua Guanabara;ES
29164817;Bicanga;Serra;Avenida Bicanga;ES
29172600;Castelândia;Serra;Rua Ralph Brememkamp Cunha Lima - lado par;ES
29172602;Castelândia;Serra;Rua Romênia - lado par;ES
29172610;Castelândia;Serra;Avenida Raul Leão Castello;ES
29172611;Castelândia;Serra;Rua P;ES
29172612;Castelândia;Serra;Rua R - lado par;ES
29172614;Castelândia;Serra;Rua Terezinha Grechi Basílio;ES
29172615;Castelândia;Serra;Rua Miguel Leão;ES
29172616;Castelândia;Serra;Rua H;ES
29172617;Castelândia;Serra;Rua B - lado ímpar;ES
29172619;Castelândia;Serra;Travessa Lourival Ribeiro Pimentel;ES
29172620;Castelândia;Serra;Avenida Rômulo Castello;ES
29172622;Castelândia;Serra;Rua K;ES
29172623;Castelândia;Serra;Avenida São Pedro;ES
29172625;Castelândia;Serra;Rua Natalino Ribeiro;ES
29172626;Castelândia;Serra;Rua San Marino;ES
29172627;Castelândia;Serra;Rua Itabira;ES
29172628;Castelândia;Serra;Rua São Pedro - lado par;ES
29172629;Castelândia;Serra;Rua I;ES
29172631;Castelândia;Serra;Rua Romênia - lado ímpar;ES
29172632;Castelândia;Serra;Rua Hélio Viana;ES
29172633;Castelândia;Serra;Rua Wilson César Nascimento Filho;ES
29172635;Castelândia;Serra;Avenida Nossa Senhora dos Navegantes;ES
29172638;Castelândia;Serra;Rua G;ES
29172639;Castelândia;Serra;Rua E;ES
29172640;Castelândia;Serra;Rua Leão Castello;ES
29172641;Castelândia;Serra;Rua João Alves da Motta Netto;ES
29172642;Castelândia;Serra;Rua Rússia;ES
29172643;Castelândia;Serra;Rua Raimundo de Oliveira;ES
29172645;Castelândia;Serra;Rua D;ES
29172647;Castelândia;Serra;Rua São Pedro - lado ímpar;ES
29172648;Castelândia;Serra;Travessa Terezinha Grechi Basílio;ES
29172649;Castelândia;Serra;Rua R - lado ímpar;ES
29172650;Castelândia;Serra;Rua José de Marco;ES
29172651;Castelândia;Serra;Rua Ralph Brememkamp Cunha Lima - lado ímpar;ES
29172652;Castelândia;Serra;Rua B - lado par;ES
29172655;Castelândia;Serra;Rua Aderbal Athaíde Guimarães;ES
29172660;Castelândia;Serra;Rua Lourival Ribeiro Pimentel;ES
29172665;Castelândia;Serra;Rua Alvim Machado;ES
29172670;Castelândia;Serra;Rua Geraldo Costa Alves;ES
29172675;Castelândia;Serra;Rua N;ES
29172680;Praia da Baleia;Serra;Avenida Desembargador Antônio José Miguel Feu Rosa;ES
29172682;Praia da Baleia;Serra;Rodovia ES-010;ES
29172684;Praia da Baleia;Serra;Rua B;ES
29172686;Praia da Baleia;Serra;Rua C;ES
29172687;Praia da Baleia;Serra;Rua Um A;ES
29172688;Praia da Baleia;Serra;Rua Dois;ES
29172689;Praia da Baleia;Serra;Rua Três;ES
29172691;Praia da Baleia;Serra;Rua José de Alencar;ES
29172692;Praia da Baleia;Serra;Rua Dois A;ES
29172693;Praia da Baleia;Serra;Rua Pernambuco;ES
29172694;Praia da Baleia;Serra;Rua Gonçalves Dias;ES
29172696;Praia da Baleia;Serra;Rua Espírito Santo;ES
29172697;Praia da Baleia;Serra;Rua Rio de Janeiro;ES
29172698;Praia da Baleia;Serra;Rua Rio Grande do Norte;ES
29172699;Praia da Baleia;Serra;Rua Nestor Gomes;ES
29172701;Praia da Baleia;Serra;Rua dos Eucaliptos;ES
29172702;Praia da Baleia;Serra;Rua Cida;ES
29172703;Praia da Baleia;Serra;Rua Guararapes;ES
29172704;Praia da Baleia;Serra;Rua Florentino Avidos;ES
29172706;Praia da Baleia;Serra;Rua Joaquim Barbosa;ES
29172707;Praia da Baleia;Serra;Rua Cassiano Castelo;ES
29172708;Praia da Baleia;Serra;Rua Ceciliano Abel de Almeida;ES
29172709;Praia da Baleia;Serra;Rua Senhor do Bonfim;ES
29172711;Praia da Baleia;Serra;Rua Tiradentes;ES
29172712;Praia da Baleia;Serra;Rua Manoel Duarte;ES
29172713;Praia da Baleia;Serra;Rua Maria Ortiz;ES
29172714;Praia da Baleia;Serra;Rua Cândida do Rosário;ES
29172716;Praia da Baleia;Serra;Rua Monsenhor Luiz Cláudio;ES
29172717;Praia da Baleia;Serra;Rua Aimorés;ES
29172718;Praia da Baleia;Serra;Rua Potiguar;ES
29172719;Praia da Baleia;Serra;Rua Arco e Flexa;ES
29172721;Praia da Baleia;Serra;Rua Manoel Aruanda;ES
29172722;Praia da Baleia;Serra;Rua João Dalmácio Castelo;ES
29172723;Praia da Baleia;Serra;Travessa Rio de Janeiro;ES
29172724;Praia da Baleia;Serra;Travessa José de Aruanda I;ES
29172726;Praia da Baleia;Serra;Travessa Manoel Aruanda II;ES
29172727;Praia da Baleia;Serra;Rua da Esperança;ES
29172731;Praia da Baleia;Serra;Rua R;ES
29173000;Manguinhos;Serra;Avenida Atapoã;ES
29173001;Manguinhos;Serra;Rua Gota D'Água;ES
29173005;Manguinhos;Serra;Rua Alma do Tempo;ES
29173006;Manguinhos;Serra;Rua Beira Rio;ES
29173007;Manguinhos;Serra;Avenida Sagarana;ES
29173009;Manguinhos;Serra;Avenida 15 de Novembro;ES
29173014;Manguinhos;Serra;Rua Fazendeiro do Ar;ES
29173015;Manguinhos;Serra;Rua Encontro Marcado;ES
29173016;Manguinhos;Serra;Rua Borboleta Amarela;ES
29173019;Manguinhos;Serra;Avenida 8 de Setembro;ES
29173022;Manguinhos;Serra;Rua Eucalipto;ES
29173024;Manguinhos;Serra;Rua Cerejeira;ES
29173026;Manguinhos;Serra;Rua Camará;ES
29173028;Manguinhos;Serra;Rua Babaçu;ES
29173030;Manguinhos;Serra;Avenida Ipê;ES
29173031;Manguinhos;Serra;Rua Araçá;ES
29173032;Manguinhos;Serra;Rua Bambu;ES
29173033;Manguinhos;Serra;Rua Embaúba;ES
29173035;Manguinhos;Serra;Rua Casuarina;ES
29173036;Manguinhos;Serra;Rua Abel de Oliveira Lima;ES
29173037;Manguinhos;Serra;Avenida Desembargador Cassiano Castelo;ES
29173039;Manguinhos;Serra;Avenida Mestre Álvaro;ES
29173040;Manguinhos;Serra;Avenida August Saint Hilaire;ES
29173046;Manguinhos;Serra;Avenida 23 de Maio;ES
29173047;Manguinhos;Serra;Avenida Manguinhos;ES
29173048;Manguinhos;Serra;Rua Francisco Lacerda de Aguiar;ES
29173049;Manguinhos;Serra;Avenida Bicanga;ES
29173051;Manguinhos;Serra;Alameda Jorge Monteiro de Carvalho;ES
29173054;Manguinhos;Serra;Rua Granvalino da Silva;ES
29173055;Manguinhos;Serra;Rua Dacílio Batalha;ES
29173063;Manguinhos;Serra;Avenida Norelina Maria dos Santos;ES
29173064;Manguinhos;Serra;Rua Geraldo Costa Alves;ES
29173065;Manguinhos;Serra;Rua Elpídio Pimentel;ES
29173066;Manguinhos;Serra;Rua Cesar Gama;ES
29173068;Manguinhos;Serra;Rua Dom Benedito;ES
29173069;Manguinhos;Serra;Avenida Ceciliano Abel de Almeida;ES
29173071;Manguinhos;Serra;Rua Anthero João Braido;ES
29173075;Manguinhos;Serra;Rua dos Apóstolos;ES
29173079;Manguinhos;Serra;Avenida Desembargador Edson Queiroz do Vale;ES
29173081;Manguinhos;Serra;Rua Desbravamento da Selva;ES
29173082;Manguinhos;Serra;Avenida Raul Ribeiro;ES
29173084;Manguinhos;Serra;Alameda São Nicolau;ES
29173087;Manguinhos;Serra;Rodovia ES-010;ES
29173089;Manguinhos;Serra;Avenida A;ES
29173096;Manguinhos;Serra;Rua da Castanheira;ES
29173097;Manguinhos;Serra;Rua Aristides Octávio Alves Cruz;ES
29173111;Manguinhos;Serra;Rua Dois (Lot A de Manguinhos);ES
29173114;Manguinhos;Serra;Rua Cinco (Lot A de Manguinhos);ES
29173119;Manguinhos;Serra;Rua Dez (Lot A de Manguinhos);ES
29173121;Manguinhos;Serra;Rua Doze (Lot A de Manguinhos);ES
29173510;Costa Bela;Serra;Avenida Abido Saadi;ES
29173512;Costa Bela;Serra;Rua das Codornas;ES
29173513;Costa Bela;Serra;Rua das Perdizes;ES
29173514;Costa Bela;Serra;Rua das Gaivotas;ES
29173515;Costa Bela;Serra;Rua dos Canários;ES
29173516;Costa Bela;Serra;Rua dos Beija-Flores;ES
29173517;Costa Bela;Serra;Rua dos Bem-te-vis;ES
29173518;Costa Bela;Serra;Rua dos Pelicanos;ES
29173519;Costa Bela;Serra;Rua dos Papagaios;ES
29173520;Costa Bela;Serra;Rua das Marrecas;ES
29173522;Costa Bela;Serra;Rua dos Sabiás;ES
29173523;Costa Bela;Serra;Rua das Siriemas;ES
29173526;Costa Bela;Serra;Rua das Rolinhas;ES
29173527;Costa Bela;Serra;Rua dos Pombos;ES
29173528;Costa Bela;Serra;Rua dos Chorões;ES
29173529;Costa Bela;Serra;Rua dos Guarás;ES
29173531;Costa Bela;Serra;Rua dos Gaturamos;ES
29173532;Costa Bela;Serra;Rua dos Jacamins;ES
29173533;Costa Bela;Serra;Rua dos Joões-de-Barro;ES
29173534;Costa Bela;Serra;Rua dos Jaós;ES
29173535;Costa Bela;Serra;Rua das Cegonhas;ES
29173536;Costa Bela;Serra;Rua dos Periquitos;ES
29173537;Costa Bela;Serra;Rua das Andorinhas;ES
29173538;Costa Bela;Serra;Rua dos Azulões;ES
29173539;Costa Bela;Serra;Rua dos Tucanos;ES
29173540;Costa Bela;Serra;Rua dos Uirapurus;ES
29173541;Costa Bela;Serra;Rua dos Rouxinóis;ES
29173542;Costa Bela;Serra;Rua dos Tico-Ticos;ES
29173543;Costa Bela;Serra;Rua das Saíras;ES
29173544;Costa Bela;Serra;Rua dos Tururins;ES
29173546;Costa Bela;Serra;Rua das Fragatas;ES
29173547;Costa Bela;Serra;Avenida Albatroz;ES
29173548;Costa Bela;Serra;Rua dos Colibris;ES
29173549;Costa Bela;Serra;Rua dos Inhambus;ES
29173551;Costa Bela;Serra;Rua dos Sanhaços;ES
29173552;Costa Bela;Serra;Rua das Sururinas;ES
29173553;Costa Bela;Serra;Rua dos Curiangos;ES
29173554;Costa Bela;Serra;Rua dos Flamingos;ES
29173555;Costa Bela;Serra;Rua dos Irerês;ES
29173556;Costa Bela;Serra;Rua dos Pardais;ES
29173557;Costa Bela;Serra;Avenida das Garças;ES
29173558;Costa Bela;Serra;Avenida das Araras;ES
29173559;Costa Bela;Serra;Avenida das Arapongas;ES
29173560;Costa Bela;Serra;Rua das Cotovias;ES
29173564;Costa Bela;Serra;Rua dos Macucos;ES
29173660;Praia de Capuba;Serra;Rua Dolores Araújo de Oliveira;ES
29173661;Praia de Capuba;Serra;Rua 15 de Novembro;ES
29173662;Praia de Capuba;Serra;Rua 25 de Março;ES
29173663;Praia de Capuba;Serra;Rua 8 de Setembro;ES
29173664;Praia de Capuba;Serra;Rua Antônio Feu Rosa;ES
29173665;Praia de Capuba;Serra;Rua 21 de Abril;ES
29173666;Praia de Capuba;Serra;Rua Coqueiros;ES
29173667;Praia de Capuba;Serra;Rua Santa Helena;ES
29173668;Praia de Capuba;Serra;Rua Sumaré;ES
29173669;Praia de Capuba;Serra;Rua Edmilson Varejão;ES
29173670;Praia de Capuba;Serra;Rua Firmino Varejão;ES
29173671;Praia de Capuba;Serra;Rua Dinah Feu Rosa;ES
29173672;Praia de Capuba;Serra;Rua Aristóteles Passos Costa;ES
29173673;Praia de Capuba;Serra;Rua Sérgio Porto;ES
29173674;Praia de Capuba;Serra;Rua Engenheiro Luiz Derenze;ES
29173675;Praia de Capuba;Serra;Rua Dilson Bitencourt Feu;ES
29173676;Praia de Capuba;Serra;Rua Cícero Chaves;ES
29173677;Praia de Capuba;Serra;Rua Ignácio Trancoso;ES
29173678;Praia de Capuba;Serra;Rua Hilderico Araújo;ES
29173679;Praia de Capuba;Serra;Rua Virgínia da Penha Varejão;ES
29173680;Praia de Capuba;Serra;Rua Vitória Feu Rosa;ES
29173681;Praia de Capuba;Serra;Rua Dona Jamila;ES
29173682;Praia de Capuba;Serra;Rua Ana Rodrigues Trancoso;ES
29173683;Praia de Capuba;Serra;Rua Doutor Francisco Otaviano Chaves;ES
29173684;Praia de Capuba;Serra;Rua Manoel Xavier Paes Barreto;ES
29173685;Praia de Capuba;Serra;Rua Icaraí;ES
29173686;Praia de Capuba;Serra;Rua Monte Belo;ES
29173687;Praia de Capuba;Serra;Rua João Milton Varejão;ES
29173688;Praia de Capuba;Serra;Avenida Abido Saadi;ES
29173689;Praia de Capuba;Serra;Rua das Nações;ES
29173691;Praia de Capuba;Serra;Rua 1º de Maio;ES
29173692;Praia de Capuba;Serra;Rua Padre José de Anchieta;ES
29173693;Praia de Capuba;Serra;Rua Wilson Martins Moreira;ES
29173694;Praia de Capuba;Serra;Rua Dom Fernando;ES
29173695;Praia de Capuba;Serra;Rua Itanguá;ES
29173696;Praia de Capuba;Serra;Travessa Santa Helena;ES
29173697;Praia de Capuba;Serra;Rua Santa Cruz;ES
29173700;Praia de Capuba;Serra;Rua Moacir Fraga;ES
29173701;Praia de Capuba;Serra;Rua São Paulo;ES
29173702;Praia de Capuba;Serra;Rua Porto Alegre;ES
29173703;Praia de Capuba;Serra;Rua Maria da Penha Varejão;ES
29173704;Praia de Capuba;Serra;Rua São Pedro;ES
29173705;Praia de Capuba;Serra;Rua São Benedito;ES
29173706;Praia de Capuba;Serra;Rua Malibu;ES
29173707;Praia de Capuba;Serra;Rua Santa Terezinha;ES
29173708;Praia de Capuba;Serra;Rua Manoel Ribeiro Braga;ES
29173709;Praia de Capuba;Serra;Rua Ida Bitencourt Feu;ES
29173710;Praia de Capuba;Serra;Rua Ceciliano Deodoro Varejão;ES
29173720;Praia de Capuba;Serra;Rua Manoel Francisco Feu Subtil;ES
29173730;Portal de Jacaraípe;Serra;Avenida Desembargador Antônio José Miguel Feu Rosa;ES
29173731;Portal de Jacaraípe;Serra;Rua Machado de Assis;ES
29173735;Portal de Jacaraípe;Serra;Rua Austrália;ES
29173736;Portal de Jacaraípe;Serra;Rua Bélgica;ES
29173737;Portal de Jacaraípe;Serra;Avenida Raul Leão Castello;ES
29173738;Portal de Jacaraípe;Serra;Rua Quênia;ES
29173739;Portal de Jacaraípe;Serra;Rua Natalino Ribeiro;ES
29173740;Portal de Jacaraípe;Serra;Rua Projetada 1;ES
29173741;Portal de Jacaraípe;Serra;Rua San Marinho;ES
29173745;Portal de Jacaraípe;Serra;Rua Canadá;ES
29173750;Portal de Jacaraípe;Serra;Rua Alberto Sartório;ES
29173755;Portal de Jacaraípe;Serra;Rua Dinamarca;ES
29173765;Portal de Jacaraípe;Serra;Rua Egito;ES
29173775;Portal de Jacaraípe;Serra;Rua França;ES
29173780;Portal de Jacaraípe;Serra;Rua Maria de Lourdes Ferrari Campo;ES
29173785;Portal de Jacaraípe;Serra;Rua Grécia;ES
29173795;Portal de Jacaraípe;Serra;Avenida Talma Rodrigues Ribeiro;ES
29173805;Portal de Jacaraípe;Serra;Rua Hawaí;ES
29173815;Portal de Jacaraípe;Serra;Rua Itália;ES
29173825;Portal de Jacaraípe;Serra;Rua Japão;ES
29173830;Portal de Jacaraípe;Serra;Avenida Lagoa Juara;ES
29173832;Portal de Jacaraípe;Serra;Rua Líbano;ES
29173833;Portal de Jacaraípe;Serra;Rua México;ES
29173834;Portal de Jacaraípe;Serra;Rua Noruega;ES
29173835;Portal de Jacaraípe;Serra;Rua Korea;ES
29173836;Portal de Jacaraípe;Serra;Rua Ozaka;ES
29173837;Portal de Jacaraípe;Serra;Rua Portugal;ES
29173839;Portal de Jacaraípe;Serra;Rua Rússia;ES
29175005;São Patrício;Serra;Rua Esmeralda;ES
29175006;São Patrício;Serra;Rua Turmalina;ES
29175007;São Patrício;Serra;Rua Kaffa Saad;ES
29175010;São Patrício;Serra;Avenida Safira;ES
29175015;São Patrício;Serra;Rua Quartzo;ES
29175017;São Patrício;Serra;Avenida Lagoa Juara;ES
29175025;São Patrício;Serra;Rua Ametista;ES
29175027;São Patrício;Serra;Rua do Lírio;ES
29175030;São Patrício;Serra;Rua São Paulo;ES
29175032;São Patrício;Serra;Rua das Rosas;ES
29175035;São Patrício;Serra;Rua Ágata;ES
29175037;São Patrício;Serra;Rua das Alpinas;ES
29175040;São Patrício;Serra;Rua Turquesa;ES
29175042;São Patrício;Serra;Rua da Begônia;ES
29175045;São Patrício;Serra;Rua Rubi;ES
29175047;São Patrício;Serra;Rua das Columbinas;ES
29175050;São Patrício;Serra;Rua Cristal;ES
29175052;São Patrício;Serra;Rua da Betúnia;ES
29175055;São Patrício;Serra;Rua Topázio;ES
29175057;São Patrício;Serra;Rua do Jasmim;ES
29175060;São Patrício;Serra;Rua Jaspe;ES
29175062;São Patrício;Serra;Rua das Gardênias;ES
29175065;São Patrício;Serra;Rua Diamante;ES
29175067;São Patrício;Serra;Rua do Cravo;ES
29175070;São Patrício;Serra;Rua Opala;ES
29175072;São Patrício;Serra;Rua Ângelo Pretti;ES
29175077;São Patrício;Serra;Rua das Angélicas;ES
29175080;São Patrício;Serra;Rua Água Marinha;ES
29175083;São Patrício;Serra;Rua da Magnólia;ES
29175085;São Patrício;Serra;Rua Ônix;ES
29175090;São Patrício;Serra;Rua Jade;ES
29175100;Estância Monazítica;Serra;Avenida Nossa Senhora dos Navegantes;ES
29175104;Estância Monazítica;Serra;Rua dos Jasmins;ES
29175105;Estância Monazítica;Serra;Rua dos Cravos;ES
29175106;Estância Monazítica;Serra;Rua das Orquídeas;ES
29175107;Estância Monazítica;Serra;Rua das Acácias;ES
29175108;Estância Monazítica;Serra;Rua das Angélicas;ES
29175109;Estância Monazítica;Serra;Rua Alecrim;ES
29175110;Estância Monazítica;Serra;Avenida Abido Saadi;ES
29175111;Estância Monazítica;Serra;Rua Salvador;ES
29175112;Estância Monazítica;Serra;Rua Belo Horizonte;ES
29175116;Estância Monazítica;Serra;Rua Vitória;ES
29175117;Estância Monazítica;Serra;Rua Rio Grande do Sul;ES
29175118;Estância Monazítica;Serra;Rua Paraná;ES
29175119;Estância Monazítica;Serra;Rua Manaus;ES
29175120;Estância Monazítica;Serra;Rua das Margaridas;ES
29175121;Estância Monazítica;Serra;Rua Minas Gerais;ES
29175122;Estância Monazítica;Serra;Rua Santa Maria;ES
29175124;Estância Monazítica;Serra;Rua Santa Lúcia;ES
29175125;Estância Monazítica;Serra;Rua Espírito Santo;ES
29175126;Estância Monazítica;Serra;Rua das Violetas;ES
29175127;Estância Monazítica;Serra;Rua das Estrelas;ES
29175128;Estância Monazítica;Serra;Rua Lírio dos Vales;ES
29175129;Estância Monazítica;Serra;Rua dos Ipês;ES
29175135;Estância Monazítica;Serra;Rua Alagoas;ES
29175137;Estância Monazítica;Serra;Rua Bahia;ES
29175139;Estância Monazítica;Serra;Rua Santa Catarina;ES
29175140;Estância Monazítica;Serra;Rua São Paulo;ES
29175140;Estância Monazítica;Serra;Rua São Paulo;ES
29175141;Estância Monazítica;Serra;Rua Mato Grosso;ES
29175143;Estância Monazítica;Serra;Rua Pará;ES
29175145;Estância Monazítica;Serra;Rua Marília Rezende Coutinho;ES
29175147;Estância Monazítica;Serra;Rua Pernambuco;ES
29175149;Estância Monazítica;Serra;Rua Goiás;ES
29175151;Estância Monazítica;Serra;Rua Maranhão;ES
29175161;Costa Dourada;Serra;Rua Arthur Bernardes;ES
29175162;Costa Dourada;Serra;Rua Procópio Camargo;ES
29175163;Costa Dourada;Serra;Rua Bariri;ES
29175164;Costa Dourada;Serra;Rua das Rosas;ES
29175165;Costa Dourada;Serra;Rua Doutor Pedro Feu Rosa;ES
29175166;Costa Dourada;Serra;Rua dos Girassóis;ES
29175167;Costa Dourada;Serra;Rua Paraguaçu;ES
29175168;Costa Dourada;Serra;Rua Rosa Maria;ES
29175169;Costa Dourada;Serra;Rua Custódio Guimarães;ES
29175170;Costa Dourada;Serra;Rua Clóvis Camargo;ES
29175171;Costa Dourada;Serra;Rua Maria Moreira Camargo;ES
29175172;Costa Dourada;Serra;Rua Santo Antônio;ES
29175173;Costa Dourada;Serra;Avenida Lagoa Juara;ES
29175174;Costa Dourada;Serra;Rua Santa Lúcia;ES
29175175;Costa Dourada;Serra;Rua Kaffa Saad;ES
29175176;Costa Dourada;Serra;Rua Wenceslau Brás;ES
29175177;Costa Dourada;Serra;Rua Tupã;ES
29175178;Costa Dourada;Serra;Rua Celestino Abaurre;ES
29175179;Costa Dourada;Serra;Rua Augusto de Barros;ES
29175180;Costa Dourada;Serra;Rua Guaraciaba;ES
29175181;Costa Dourada;Serra;Rua Caramuru;ES
29175182;Costa Dourada;Serra;Rua Custódio S. Varejão;ES
29175183;Costa Dourada;Serra;Rua Lourival Nunes;ES
29175184;Costa Dourada;Serra;Rua Paulo J. Aboudib;ES
29175185;Costa Dourada;Serra;Rua Jacyra;ES
29175186;Costa Dourada;Serra;Rua Guaracy;ES
29175187;Costa Dourada;Serra;Rua Jupira;ES
29175188;Costa Dourada;Serra;Rua Guacyra;ES
29175189;Costa Dourada;Serra;Rua dos Mineiros;ES
29175201;São Francisco;Serra;Rua José Manoel Maioli;ES
29175203;São Francisco;Serra;Rua Sacramento;ES
29175204;São Francisco;Serra;Rua Espírito Santo;ES
29175205;São Francisco;Serra;Rua Trindade;ES
29175206;São Francisco;Serra;Rua Eglif de Negreiros;ES
29175207;São Francisco;Serra;Rua Donaldison da Rocha Barros;ES
29175208;São Francisco;Serra;Rua São Sebastião;ES
29175210;São Francisco;Serra;Avenida São Francisco;ES
29175212;São Francisco;Serra;Rua São Jorge;ES
29175213;São Francisco;Serra;Rua Santo Antônio;ES
29175214;São Francisco;Serra;Rua Santa Inês;ES
29175215;São Francisco;Serra;Rua São Cristovão;ES
29175216;São Francisco;Serra;Rua Santa Joana;ES
29175217;São Francisco;Serra;Avenida Jacaraípe;ES
29175219;São Francisco;Serra;Rua Todos os Santos;ES
29175220;São Francisco;Serra;Rua Santa Cecília;ES
29175221;São Francisco;Serra;Rua São Paulo;ES
29175222;São Francisco;Serra;Rua Santa Lúcia;ES
29175223;São Francisco;Serra;Rua São Lucas;ES
29175224;São Francisco;Serra;Rua Santa Luzia;ES
29175225;São Francisco;Serra;Rua São José;ES
29175226;São Francisco;Serra;Rua Santa Rita;ES
29175227;São Francisco;Serra;Rua São Pedro;ES
29175228;São Francisco;Serra;Rua Santa Maria;ES
29175229;São Francisco;Serra;Rua Nossa Senhora da Conceição;ES
29175230;São Francisco;Serra;Rua João Germano de Mello;ES
29175234;São Francisco;Serra;Avenida Abido Saadi;ES
29175235;São Francisco;Serra;Avenida Nossa Senhora dos Navegantes;ES
29175236;São Francisco;Serra;Rua Santa Mariana;ES
29175237;São Francisco;Serra;Rua do Rosário;ES
29175250;Jardim Atlântico;Serra;Rua Caiobás;ES
29175251;Jardim Atlântico;Serra;Rua Bariri;ES
29175252;Jardim Atlântico;Serra;Rua Paraguaçu;ES
29175253;Jardim Atlântico;Serra;Rua Jacyra;ES
29175254;Jardim Atlântico;Serra;Rua Guaracy;ES
29175255;Jardim Atlântico;Serra;Rua Jupira;ES
29175256;Jardim Atlântico;Serra;Rua Guacyra;ES
29175257;Jardim Atlântico;Serra;Rua Caramuru;ES
29175258;Jardim Atlântico;Serra;Rua Tupi;ES
29175259;Jardim Atlântico;Serra;Rua Tupã;ES
29175260;Jardim Atlântico;Serra;Rua Diacuí;ES
29175261;Jardim Atlântico;Serra;Rua Jequié;ES
29175262;Jardim Atlântico;Serra;Rua São Paulo;ES
29175263;Jardim Atlântico;Serra;Avenida Todos os Santos;ES
29175264;Jardim Atlântico;Serra;Rua Alagoas;ES
29175265;Jardim Atlântico;Serra;Rua Santa Luzia;ES
29175266;Jardim Atlântico;Serra;Rua Santa Rita;ES
29175268;Jardim Atlântico;Serra;Rua João Germano de Mello;ES
29175269;Jardim Atlântico;Serra;Avenida Abido Saadi;ES
29175270;Jardim Atlântico;Serra;Avenida Nossa Senhora dos Navegantes;ES
29175271;Jardim Atlântico;Serra;Avenida Minas Gerais;ES
29175272;Jardim Atlântico;Serra;Rua Doutor Pedro Feu Rosa;ES
29175273;Jardim Atlântico;Serra;Rua Santa Maria;ES
29175274;Jardim Atlântico;Serra;Rua Santo Antônio;ES
29175276;Jardim Atlântico;Serra;Rua Santa Lúcia;ES
29175277;Jardim Atlântico;Serra;Rua Guaraciaba;ES
29175278;Jardim Atlântico;Serra;Rua Santa Cecília;ES
29175279;Jardim Atlântico;Serra;Rua São Daniel;ES
29175300;Enseada de Jacaraípe;Serra;Rua Mário Trevisani;ES
29175301;Enseada de Jacaraípe;Serra;Rua Antônio Scórcio Cerqueira;ES
29175302;Enseada de Jacaraípe;Serra;Rua Humberto Guerra;ES
29175303;Enseada de Jacaraípe;Serra;Rua Dinísio Linhares;ES
29175304;Enseada de Jacaraípe;Serra;Rua João Marchioli;ES
29175305;Enseada de Jacaraípe;Serra;Rua Isidoro Linhares;ES
29175306;Enseada de Jacaraípe;Serra;Rua Ernesto Morandi;ES
29175307;Enseada de Jacaraípe;Serra;Rua Marcelo Serafini;ES
29175308;Enseada de Jacaraípe;Serra;Rua José Arrivabeni;ES
29175309;Enseada de Jacaraípe;Serra;Rua Jacob Filho;ES
29175310;Enseada de Jacaraípe;Serra;Rua Francisco Teixeira Tardin;ES
29175311;Enseada de Jacaraípe;Serra;Rua Francisco Lodi;ES
29175312;Enseada de Jacaraípe;Serra;Rua Fidélis Ferrari;ES
29175313;Enseada de Jacaraípe;Serra;Rua Francisco Facheti;ES
29175314;Enseada de Jacaraípe;Serra;Rua Jacob Dalla;ES
29175315;Enseada de Jacaraípe;Serra;Rua João Bertollo;ES
29175316;Enseada de Jacaraípe;Serra;Rua Luiz Prest;ES
29175317;Enseada de Jacaraípe;Serra;Rua Guilherme Nitz;ES
29175318;Enseada de Jacaraípe;Serra;Rua Hugo Zago;ES
29175319;Enseada de Jacaraípe;Serra;Rua Dionísio Balarini;ES
29175320;Enseada de Jacaraípe;Serra;Rua Benjamim D'Guio;ES
29175321;Enseada de Jacaraípe;Serra;Rua Ângelo Borgo;ES
29175322;Enseada de Jacaraípe;Serra;Rua Ângelo Ballarini;ES
29175323;Enseada de Jacaraípe;Serra;Rua São José;ES
29175324;Enseada de Jacaraípe;Serra;Rua Anacleto Simonassi;ES
29175325;Enseada de Jacaraípe;Serra;Rua Santa Rita;ES
29175326;Enseada de Jacaraípe;Serra;Rua Humberto Gobbi;ES
29175327;Enseada de Jacaraípe;Serra;Rua Martin Scarton;ES
29175328;Enseada de Jacaraípe;Serra;Rua Pedro Santos Cortelleti;ES
29175329;Enseada de Jacaraípe;Serra;Rua Joaquim Miranda da Silva;ES
29175330;Enseada de Jacaraípe;Serra;Rua Ida Bitencourt Feu;ES
29175331;Enseada de Jacaraípe;Serra;Avenida Manoel Gomes Carneiro;ES
29175332;Enseada de Jacaraípe;Serra;Rua Sacramento;ES
29175333;Enseada de Jacaraípe;Serra;Rua Trindade;ES
29175334;Enseada de Jacaraípe;Serra;Rua José Manoel Maioli;ES
29175335;Enseada de Jacaraípe;Serra;Rua Tereza Souza Coelho;ES
29175336;Enseada de Jacaraípe;Serra;Rua Ângelo Frechiani;ES
29175337;Enseada de Jacaraípe;Serra;Rua Antônio Pagani;ES
29175338;Enseada de Jacaraípe;Serra;Rua Teodoro Roldi;ES
29175339;Enseada de Jacaraípe;Serra;Rua Hilário Favarato;ES
29175340;Enseada de Jacaraípe;Serra;Rua Carlos Pedroni;ES
29175341;Enseada de Jacaraípe;Serra;Rua Aldir Massucatti;ES
29175342;Enseada de Jacaraípe;Serra;Rua José Luiz Ferreira;ES
29175343;Enseada de Jacaraípe;Serra;Rua Ângelo Spalenza;ES
29175344;Enseada de Jacaraípe;Serra;Avenida Abido Saadi;ES
29175370;Residencial Jacaraípe;Serra;Rua Lorena;ES
29175371;Residencial Jacaraípe;Serra;Travessa A;ES
29175372;Residencial Jacaraípe;Serra;Travessa Q;ES
29175373;Residencial Jacaraípe;Serra;Travessa P;ES
29175374;Residencial Jacaraípe;Serra;Travessa F;ES
29175375;Residencial Jacaraípe;Serra;Rua Osasco;ES
29175376;Residencial Jacaraípe;Serra;Praça Mahuá;ES
29175377;Residencial Jacaraípe;Serra;Rua Campos do Jordão;ES
29175378;Residencial Jacaraípe;Serra;Rua Guarujá;ES
29175379;Residencial Jacaraípe;Serra;Rua Sandra Ribeiro;ES
29175380;Residencial Jacaraípe;Serra;Rua Santo André;ES
29175381;Residencial Jacaraípe;Serra;Travessa Mahuá;ES
29175382;Residencial Jacaraípe;Serra;Rua Guaíba;ES
29175383;Residencial Jacaraípe;Serra;Rua Afonso Pena;ES
29175384;Residencial Jacaraípe;Serra;Rua Tamandaré;ES
29175385;Residencial Jacaraípe;Serra;Rua Nilo Peçanha;ES
29175386;Residencial Jacaraípe;Serra;Alameda Joaquim Nabuco;ES
29175387;Residencial Jacaraípe;Serra;Rua Floriano Peixoto;ES
29175388;Residencial Jacaraípe;Serra;Rua Deodoro da Fonseca;ES
29175389;Residencial Jacaraípe;Serra;Rua Prudente de Moraes;ES
29175390;Residencial Jacaraípe;Serra;Praça Campos Salles;ES
29175391;Residencial Jacaraípe;Serra;Rua Mauá;ES
29175392;Residencial Jacaraípe;Serra;Rua São Carlos;ES
29175393;Residencial Jacaraípe;Serra;Rua dos Sanhaços;ES
29175394;Residencial Jacaraípe;Serra;Alameda São Francisco;ES
29175395;Residencial Jacaraípe;Serra;Rua São Bernardo;ES
29175396;Residencial Jacaraípe;Serra;Rua Limeira;ES
29175397;Residencial Jacaraípe;Serra;Rua Jundiaí;ES
29175398;Residencial Jacaraípe;Serra;Rua Anhanguera;ES
29175399;Residencial Jacaraípe;Serra;Servidão Café Filho;ES
29175400;Residencial Jacaraípe;Serra;Rua Almirante Barroso;ES
29175401;Residencial Jacaraípe;Serra;Avenida Luiz Dalla Bernardina;ES
29175402;Residencial Jacaraípe;Serra;Rua Rodrigues Alves;ES
29175403;Residencial Jacaraípe;Serra;Rua Presidente Café Filho;ES
29175404;Residencial Jacaraípe;Serra;Travessa Anhanguera;ES
29175405;Residencial Jacaraípe;Serra;Rua Alvarenga Peixoto;ES
29175406;Residencial Jacaraípe;Serra;Rua Mesquita;ES
29175407;Residencial Jacaraípe;Serra;Rua Hermes da Fonseca;ES
29175408;Residencial Jacaraípe;Serra;Rua Araribóia;ES
29175409;Residencial Jacaraípe;Serra;Travessa Dois;ES
29175410;Residencial Jacaraípe;Serra;Travessa Hermes da Fonseca;ES
29175411;Residencial Jacaraípe;Serra;Rua Santos;ES
29175412;Residencial Jacaraípe;Serra;Rua Piracicaba;ES
29175413;Residencial Jacaraípe;Serra;Alameda Piracicaba;ES
29175414;Residencial Jacaraípe;Serra;Rua Moacir Fraga;ES
29175415;Residencial Jacaraípe;Serra;Rua Dalton Bastos;ES
29175416;Residencial Jacaraípe;Serra;Rua Edson Queiroz do Vale;ES
29175417;Residencial Jacaraípe;Serra;Rua Vicente Burian;ES
29175418;Residencial Jacaraípe;Serra;Rua Bolivar de Abreu;ES
29175419;Residencial Jacaraípe;Serra;Rua Oswald Guimarães;ES
29175420;Residencial Jacaraípe;Serra;Rua Luiz Castelar Silva;ES
29175421;Residencial Jacaraípe;Serra;Rua Américo Oliveira;ES
29175422;Residencial Jacaraípe;Serra;Avenida Hilário Soneghet;ES
29175423;Residencial Jacaraípe;Serra;Avenida São Paulo;ES
29175424;Residencial Jacaraípe;Serra;Rua Geraldo Costa Alves;ES
29175425;Residencial Jacaraípe;Serra;Rua Afonso Schwab;ES
29175426;Residencial Jacaraípe;Serra;Rua Camilo Gianardoli;ES
29175427;Residencial Jacaraípe;Serra;Rua Tietê;ES
29175428;Residencial Jacaraípe;Serra;Rua Juscelino Kubitschek;ES
29175430;Residencial Jacaraípe;Serra;Rua Getúlio Vargas;ES
29175431;Residencial Jacaraípe;Serra;Rua Epitácio Pessoa;ES
29175432;Residencial Jacaraípe;Serra;Rua Gaspar Dutra;ES
29175433;Residencial Jacaraípe;Serra;Rua Delfim Moreira;ES
29175434;Residencial Jacaraípe;Serra;Rua Wenceslau Brás;ES
29175435;Residencial Jacaraípe;Serra;Rua Basílio Ribeiro;ES
29175436;Residencial Jacaraípe;Serra;Rua Padre Feijó;ES
29175437;Residencial Jacaraípe;Serra;Rua Riachuelo;ES
29175438;Residencial Jacaraípe;Serra;Rua Saquarema;ES
29175439;Residencial Jacaraípe;Serra;Rua Castelo Branco;ES
29175440;Residencial Jacaraípe;Serra;Rua Arthur Bernardes;ES
29175441;Residencial Jacaraípe;Serra;Rua Homero Massena;ES
29175442;Residencial Jacaraípe;Serra;Rua Aristóbulo Barbosa Leão;ES
29175443;Residencial Jacaraípe;Serra;Rua Padre Nóbrega;ES
29175444;Residencial Jacaraípe;Serra;Rua Ceciliano Abel de Almeida;ES
29175445;Residencial Jacaraípe;Serra;Rua Piranema;ES
29175446;Residencial Jacaraípe;Serra;Rua Jair Dessaune;ES
29175447;Residencial Jacaraípe;Serra;Rua Alaor Queiroz Araújo;ES
29175448;Residencial Jacaraípe;Serra;Rua Waldir Amorim;ES
29175449;Residencial Jacaraípe;Serra;Rua Mesquita Neto;ES
29175450;Residencial Jacaraípe;Serra;Rua Benvindo Novaes;ES
29175451;Residencial Jacaraípe;Serra;Rua Carlos Caminha;ES
29175452;Residencial Jacaraípe;Serra;Rua Nelson Monteiro;ES
29175453;Residencial Jacaraípe;Serra;Rua Thieres Veloso;ES
29175454;Residencial Jacaraípe;Serra;Avenida Lagoa Juara;ES
29175455;Residencial Jacaraípe;Serra;Rua Costa e Silva;ES
29175456;Residencial Jacaraípe;Serra;Avenida Minas Gerais;ES
29175457;Residencial Jacaraípe;Serra;Rua Dido Fontes;ES
29175458;Residencial Jacaraípe;Serra;Rua Itaboraí;ES
29175459;Residencial Jacaraípe;Serra;Rua Washington Luiz;ES
29175460;Residencial Jacaraípe;Serra;Rua Jânio Quadros;ES
29175461;Residencial Jacaraípe;Serra;Travessa C;ES
29175462;Residencial Jacaraípe;Serra;Rua São Roque;ES
29175463;Residencial Jacaraípe;Serra;Praça Wenceslau Brás;ES
29175464;Residencial Jacaraípe;Serra;Rua Tocantins;ES
29175490;Parque Jacaraípe;Serra;Rua São Paulo;ES
29175491;Parque Jacaraípe;Serra;Rua João Pessoa;ES
29175492;Parque Jacaraípe;Serra;Rua Ângelo Pretti;ES
29175493;Parque Jacaraípe;Serra;Rua Terezina;ES
29175494;Parque Jacaraípe;Serra;Rua Belém;ES
29175495;Parque Jacaraípe;Serra;Rua Porto Alegre;ES
29175496;Parque Jacaraípe;Serra;Rua Florianópolis;ES
29175497;Parque Jacaraípe;Serra;Rua Fortaleza;ES
29175498;Parque Jacaraípe;Serra;Rua Rio Branco;ES
29175499;Parque Jacaraípe;Serra;Rua Aracajú;ES
29175500;Parque Jacaraípe;Serra;Rua Irene Teresinha Grechi Basílio;ES
29175501;Parque Jacaraípe;Serra;Rua Yolanda Noé Calmon;ES
29175502;Parque Jacaraípe;Serra;Rua Natal;ES
29175503;Parque Jacaraípe;Serra;Rua Niterói;ES
29175504;Parque Jacaraípe;Serra;Rua 8 de Agosto;ES
29175505;Parque Jacaraípe;Serra;Rua Topázio;ES
29175506;Parque Jacaraípe;Serra;Travessa Aimorés;ES
29175507;Parque Jacaraípe;Serra;Rua 28 de Agosto;ES
29175508;Parque Jacaraípe;Serra;Rua Vitória;ES
29175509;Parque Jacaraípe;Serra;Rua Salvador;ES
29175510;Parque Jacaraípe;Serra;Rua Belo Horizonte;ES
29175511;Parque Jacaraípe;Serra;Rua Lourival Pimentel;ES
29175512;Parque Jacaraípe;Serra;Rua Turmalina;ES
29175513;Parque Jacaraípe;Serra;Rua José Francisco do Nascimento;ES
29175514;Parque Jacaraípe;Serra;Rua Diamante;ES
29175515;Parque Jacaraípe;Serra;Rua Esmeralda;ES
29175516;Parque Jacaraípe;Serra;Rua 16 de Maio;ES
29175517;Parque Jacaraípe;Serra;Rua Granada;ES
29175520;Parque Jacaraípe;Serra;Avenida Abido Saadi;ES
29175525;Parque Jacaraípe;Serra;Avenida Nossa Senhora dos Navegantes;ES
29175550;das Laranjeiras;Serra;Rua Prudente de Morais;ES
29175551;das Laranjeiras;Serra;Rua Ayrton Senna;ES
29175552;das Laranjeiras;Serra;Rua Quatro;ES
29175553;das Laranjeiras;Serra;Rua Três;ES
29175554;das Laranjeiras;Serra;Rua Dois;ES
29175555;das Laranjeiras;Serra;Rua Cinco;ES
29175556;das Laranjeiras;Serra;Rua Seis;ES
29175557;das Laranjeiras;Serra;Rua Sete;ES
29175558;das Laranjeiras;Serra;Rua Oito;ES
29175559;das Laranjeiras;Serra;Rua Nove;ES
29175560;das Laranjeiras;Serra;Beco Raul Seixas;ES
29175561;das Laranjeiras;Serra;Rua Dez;ES
29175562;das Laranjeiras;Serra;Rua Altino Cavedo;ES
29175563;das Laranjeiras;Serra;Rua Constituinte;ES
29175564;das Laranjeiras;Serra;Rua Doze;ES
29175565;das Laranjeiras;Serra;Rua Schirley de Oliveira Dummer;ES
29175566;das Laranjeiras;Serra;Rua Quatorze;ES
29175567;das Laranjeiras;Serra;Rua Clério Vieira Falcão;ES
29175568;das Laranjeiras;Serra;Avenida Todos os Santos;ES
29175569;das Laranjeiras;Serra;Rua Todos os Santos;ES
29175570;das Laranjeiras;Serra;Beco Renato Russo;ES
29175571;das Laranjeiras;Serra;Rua São Benedito;ES
29175572;das Laranjeiras;Serra;Rua Santa Cecília;ES
29175573;das Laranjeiras;Serra;Rua São Paulo;ES
29175574;das Laranjeiras;Serra;Rua Santa Lúcia;ES
29175575;das Laranjeiras;Serra;Rua Aimorés II;ES
29175576;das Laranjeiras;Serra;Rua São Lucas;ES
29175577;das Laranjeiras;Serra;Rua Santa Luzia;ES
29175578;das Laranjeiras;Serra;Rua São José;ES
29175579;das Laranjeiras;Serra;Rua Santa Rita;ES
29175580;das Laranjeiras;Serra;Beco Rui Barbosa;ES
29175581;das Laranjeiras;Serra;Rua São Pedro;ES
29175582;das Laranjeiras;Serra;Rua Santa Maria;ES
29175583;das Laranjeiras;Serra;Rua Nossa Senhora da Conceição;ES
29175584;das Laranjeiras;Serra;Rua João Germano de Mello;ES
29175585;das Laranjeiras;Serra;Avenida Abido Saadi;ES
29175586;das Laranjeiras;Serra;Rua do Rosário;ES
29175587;das Laranjeiras;Serra;Avenida Nossa Senhora dos Navegantes;ES
29175588;das Laranjeiras;Serra;Travessa Caiçaras;ES
29175589;das Laranjeiras;Serra;Travessa Guaianazes;ES
29175590;das Laranjeiras;Serra;Rua Santo Antônio;ES
29175591;das Laranjeiras;Serra;Travessa São Dimas;ES
29175592;das Laranjeiras;Serra;Rua Treze;ES
29175593;das Laranjeiras;Serra;Rua José Gomes Fabriciano;ES
29175594;das Laranjeiras;Serra;Rua Santa Inês;ES
29175595;das Laranjeiras;Serra;Rua Guarajaras;ES
29175596;das Laranjeiras;Serra;Avenida Guarany;ES
29175597;das Laranjeiras;Serra;Rua Goitacases;ES
29175598;das Laranjeiras;Serra;Rua Aimorés;ES
29175599;das Laranjeiras;Serra;Rua Guaicurus;ES
29175600;das Laranjeiras;Serra;Beco Santos Dumont;ES
29175601;das Laranjeiras;Serra;Rua Caiçaras;ES
29175602;das Laranjeiras;Serra;Travessa Cícero Vieira Falcão I;ES
29175603;das Laranjeiras;Serra;Avenida Guaianazes;ES
29175604;das Laranjeiras;Serra;Travessa São Paulo;ES
29175605;das Laranjeiras;Serra;Travessa Dezoito;ES
29175606;das Laranjeiras;Serra;Rua Timbiras;ES
29175607;das Laranjeiras;Serra;Rua Carijós;ES
29175608;das Laranjeiras;Serra;Avenida Minas Gerais;ES
29175609;das Laranjeiras;Serra;Rua Afonso Schwab;ES
29175610;das Laranjeiras;Serra;Beco Suíça;ES
29175611;das Laranjeiras;Serra;Rua Camilo Gianardoli;ES
29175612;das Laranjeiras;Serra;Travessa Três;ES
29175613;das Laranjeiras;Serra;Rua Onze;ES
29175614;das Laranjeiras;Serra;Rua Raul Cortez;ES
29175615;das Laranjeiras;Serra;Rua Apóstolo Daniel;ES
29175616;das Laranjeiras;Serra;Rua Bariri;ES
29175617;das Laranjeiras;Serra;Rua Paraguaçu;ES
29175618;das Laranjeiras;Serra;Rua Jacira;ES
29175619;das Laranjeiras;Serra;Rua Jupira;ES
29175620;das Laranjeiras;Serra;Beco Tancredo Neves;ES
29175621;das Laranjeiras;Serra;Rua Aristóbulo Barbosa Leão;ES
29175622;das Laranjeiras;Serra;Avenida Jacaraípe;ES
29175623;das Laranjeiras;Serra;Rua Tupi;ES
29175624;das Laranjeiras;Serra;Rua Tupinambás;ES
29175625;das Laranjeiras;Serra;Travessa Santa Lúcia;ES
29175626;das Laranjeiras;Serra;Rua Tamoios;ES
29175627;das Laranjeiras;Serra;Travessa Oito;ES
29175628;das Laranjeiras;Serra;Travessa Todos os Santos;ES
29175629;das Laranjeiras;Serra;Rua Porto Seguro;ES
29175630;das Laranjeiras;Serra;Beco Tim Maia;ES
29175631;das Laranjeiras;Serra;Travessa Quatorze;ES
29175632;das Laranjeiras;Serra;Rua Santa Joana;ES
29175633;das Laranjeiras;Serra;Travessa Dois;ES
29175634;das Laranjeiras;Serra;Beco Agatha Christie;ES
29175635;das Laranjeiras;Serra;Rua Alemanha;ES
29175636;das Laranjeiras;Serra;Beco Alexis de Toqueville;ES
29175637;das Laranjeiras;Serra;Beco Arthur Bernardes;ES
29175638;das Laranjeiras;Serra;Rua Austria;ES
29175639;das Laranjeiras;Serra;Rua Coelho Neto;ES
29175640;das Laranjeiras;Serra;Beco Tom Jobim;ES
29175641;das Laranjeiras;Serra;Beco Bélgica;ES
29175642;das Laranjeiras;Serra;Beco Bernardo Bertollucci;ES
29175643;das Laranjeiras;Serra;Beco Bernardo Nicolau Maquiavel;ES
29175644;das Laranjeiras;Serra;Beco Caiçaras;ES
29175645;das Laranjeiras;Serra;Travessa Cícero Vieira Falcão II;ES
29175646;das Laranjeiras;Serra;Beco Campos Salles;ES
29175647;das Laranjeiras;Serra;Rua Cândido Portinari;ES
29175648;das Laranjeiras;Serra;Beco Castelo Branco;ES
29175649;das Laranjeiras;Serra;Rua Cecília Fabrício de Jesus Rosa;ES
29175650;das Laranjeiras;Serra;Rua Vitória;ES
29175651;das Laranjeiras;Serra;Beco Cecília Meireles;ES
29175652;das Laranjeiras;Serra;Beco Charles Chaplin;ES
29175653;das Laranjeiras;Serra;Rua Charles Darwin;ES
29175654;das Laranjeiras;Serra;Beco Ciccillo Matarazzo;ES
29175656;das Laranjeiras;Serra;Beco Cristovão Colombo;ES
29175657;das Laranjeiras;Serra;Beco Daniela Perez;ES
29175658;das Laranjeiras;Serra;Rua Deodoro da Fonseca;ES
29175659;das Laranjeiras;Serra;Beco do Chacrinha;ES
29175660;das Laranjeiras;Serra;Rua Roberto Irineu Marinho;ES
29175661;das Laranjeiras;Serra;Beco Elvis Presley;ES
29175662;das Laranjeiras;Serra;Beco Estados Unidos;ES
29175663;das Laranjeiras;Serra;Beco França;ES
29175664;das Laranjeiras;Serra;Beco Francis Ford Coppola;ES
29175665;das Laranjeiras;Serra;Rua Antônio Machado;ES
29175666;das Laranjeiras;Serra;Rua Frank Sinatra;ES
29175667;das Laranjeiras;Serra;Rua Geraldo Costa Alves;ES
29175668;das Laranjeiras;Serra;Rua Geraldo Venturin;ES
29175669;das Laranjeiras;Serra;Rua Getúlio Vargas;ES
29175670;das Laranjeiras;Serra;Rua Antônio Braído;ES
29175671;das Laranjeiras;Serra;Rua Guaracy;ES
29175672;das Laranjeiras;Serra;Beco Itália;ES
29175673;das Laranjeiras;Serra;Rua Janete Clair;ES
29175674;das Laranjeiras;Serra;Beco Jânio Quadros;ES
29175675;das Laranjeiras;Serra;Rua Santa Rita I;ES
29175676;das Laranjeiras;Serra;Beco Jean Jacques Rousseau;ES
29175677;das Laranjeiras;Serra;Avenida Hilário Soneghet;ES
29175678;das Laranjeiras;Serra;Rua João Julião;ES
29175679;das Laranjeiras;Serra;Beco João Paulo II;ES
29175680;das Laranjeiras;Serra;Rua Abraham Lincon;ES
29175681;das Laranjeiras;Serra;Beco John Kennedy;ES
29175683;das Laranjeiras;Serra;Beco Padre José de Anchieta;ES
29175684;das Laranjeiras;Serra;Beco Juscelino Kubitschek de Oliveira;ES
29175686;das Laranjeiras;Serra;Beco Karl Marx;ES
29175687;das Laranjeiras;Serra;Beco Leonardo da Vinci;ES
29175688;das Laranjeiras;Serra;Beco Leonel de Moura Brizola;ES
29175689;das Laranjeiras;Serra;Rua Luiz Gonzaga;ES
29175690;das Laranjeiras;Serra;Rua Marília Gabriela Lima da Silva;ES
29175691;das Laranjeiras;Serra;Beco Pastor Martin Luther King;ES
29175692;das Laranjeiras;Serra;Beco Monteiro Lobato;ES
29175693;das Laranjeiras;Serra;Rua Nelson Monteiro - lado ímpar;ES
29175694;das Laranjeiras;Serra;Beco Nelson Rodrigues;ES
29175695;das Laranjeiras;Serra;Beco Olavo Bilac;ES
29175696;das Laranjeiras;Serra;Beco Pedro Alvares Cabral;ES
29175697;das Laranjeiras;Serra;Beco Dom Pedro I;ES
29175698;das Laranjeiras;Serra;Rua Primavera;ES
29175699;das Laranjeiras;Serra;Rua Projetada;ES
29175700;Nova Zelândia;Serra;Rua José de Alencar;ES
29175701;Nova Zelândia;Serra;Rua Alfredo Galeno;ES
29175702;Nova Zelândia;Serra;Rua Projetada Seis;ES
29175703;Nova Zelândia;Serra;Rua Alfredo Galeno II;ES
29175704;Nova Zelândia;Serra;Rua Luciano Sathler;ES
29175705;Nova Zelândia;Serra;Avenida Talma Rodrigues Ribeiro;ES
29175706;Nova Zelândia;Serra;Rua Porto Alegre;ES
29175707;Nova Zelândia;Serra;Rua Manaus;ES
29175708;Nova Zelândia;Serra;Rua Amazonas;ES
29175709;Nova Zelândia;Serra;Rua Natal;ES
29175710;Nova Zelândia;Serra;Rua Euclides da Cunha;ES
29175711;Nova Zelândia;Serra;Rua Arpoador;ES
29175712;Nova Zelândia;Serra;Rua Maricá;ES
29175713;Nova Zelândia;Serra;Rua Saquarema;ES
29175714;Nova Zelândia;Serra;Rua Jardel;ES
29175715;Nova Zelândia;Serra;Rua Giacomo Menegasso;ES
29175716;Nova Zelândia;Serra;Rua João Paulo II;ES
29175717;Nova Zelândia;Serra;Rua Graúnas;ES
29175718;Nova Zelândia;Serra;Rua das Chácaras;ES
29175719;Nova Zelândia;Serra;Rua Nove;ES
29175720;Nova Zelândia;Serra;Rua Minas Gerais;ES
29175722;Nova Zelândia;Serra;Rua Projetada;ES
29175725;Nova Zelândia;Serra;Rua Vinicius de Moraes;ES
29175730;Nova Zelândia;Serra;Rua Olavo Bilac;ES
29175735;Nova Zelândia;Serra;Avenida Antônio Azevedo Rodrigues;ES
29175740;Nova Zelândia;Serra;Rua Irineu Florestini;ES
29175745;Nova Zelândia;Serra;Rua Cabreuva;ES
29175750;Lagoa de Jacaraípe;Serra;Rua Luiz Castelar Silva;ES
29175751;Lagoa de Jacaraípe;Serra;Rua Bauru;ES
29175752;Lagoa de Jacaraípe;Serra;Rua Avaré;ES
29175753;Lagoa de Jacaraípe;Serra;Rua Itapeva;ES
29175754;Lagoa de Jacaraípe;Serra;Rua Campinas;ES
29175755;Lagoa de Jacaraípe;Serra;Rua Araçatuba;ES
29175756;Lagoa de Jacaraípe;Serra;Rua Presidente Prudente;ES
29175757;Lagoa de Jacaraípe;Serra;Rua São Vicente;ES
29175758;Lagoa de Jacaraípe;Serra;Rua São Caetano;ES
29175759;Lagoa de Jacaraípe;Serra;Rua Ribeirão Preto;ES
29175761;Lagoa de Jacaraípe;Serra;Avenida São Paulo;ES
29175762;Lagoa de Jacaraípe;Serra;Rua Mauá;ES
29175763;Lagoa de Jacaraípe;Serra;Rua São Carlos;ES
29175764;Lagoa de Jacaraípe;Serra;Rua Moacir Fraga;ES
29175765;Lagoa de Jacaraípe;Serra;Rua São Roque;ES
29175766;Lagoa de Jacaraípe;Serra;Rua Dalton Bastos;ES
29175767;Lagoa de Jacaraípe;Serra;Travessa C;ES
29175768;Lagoa de Jacaraípe;Serra;Travessa E;ES
29175769;Lagoa de Jacaraípe;Serra;Avenida Brasil;ES
29175771;Lagoa de Jacaraípe;Serra;Rua Guaratinguetá;ES
29175772;Lagoa de Jacaraípe;Serra;Travessa G;ES
29175773;Lagoa de Jacaraípe;Serra;Rua Eldorado;ES
29175774;Lagoa de Jacaraípe;Serra;Travessa J;ES
29175775;Lagoa de Jacaraípe;Serra;Travessa H;ES
29175776;Lagoa de Jacaraípe;Serra;Travessa K;ES
29175777;Lagoa de Jacaraípe;Serra;Rua Cubatão;ES
29175778;Lagoa de Jacaraípe;Serra;Rua Tatuí;ES
29175779;Lagoa de Jacaraípe;Serra;Travessa L;ES
29175781;Lagoa de Jacaraípe;Serra;Rua Botucatu;ES
29175782;Lagoa de Jacaraípe;Serra;Travessa N;ES
29175783;Lagoa de Jacaraípe;Serra;Rua Diadema;ES
29175784;Lagoa de Jacaraípe;Serra;Rua Homero Massena;ES
29175785;Lagoa de Jacaraípe;Serra;Rua Américo Oliveira;ES
29175786;Lagoa de Jacaraípe;Serra;Rua Sorocaba;ES
29175787;Lagoa de Jacaraípe;Serra;Avenida Lagoa Juara;ES
29175788;Lagoa de Jacaraípe;Serra;Rua Osasco;ES
29175789;Lagoa de Jacaraípe;Serra;Rua Americana;ES
29175792;Lagoa de Jacaraípe;Serra;Travessa M;ES
29175793;Lagoa de Jacaraípe;Serra;Travessa I;ES
29175800;São Pedro;Serra;Rua São Pedro;ES
29175801;São Pedro;Serra;Rua Pica-pau;ES
29175802;São Pedro;Serra;Rua Beija-flor;ES
29175803;São Pedro;Serra;Avenida Lagoa Juara;ES
29175805;São Pedro;Serra;Rua Waldomiro Alves;ES
29175806;São Pedro;Serra;Rua Hipólito de Almeida;ES
29175807;São Pedro;Serra;Rua Pôr do Sol;ES
29175808;São Pedro;Serra;Travessa Ozório Ferreira do Nascimento;ES
29175809;São Pedro;Serra;Rua Venância Evangelina do Rosário;ES
29175810;São Pedro;Serra;Rua José Francisco do Nascimento;ES
29175811;São Pedro;Serra;Rua Lourival Pimentel;ES
29175812;São Pedro;Serra;Rua Geraldo Costa Alves;ES
29175815;São Pedro;Serra;Avenida Rômulo Castello;ES
29175817;São Pedro;Serra;Travessa Arnaldo Miguel da Costa;ES
29175818;São Pedro;Serra;Avenida Talma Rodrigues Ribeiro;ES
29175840;Conjunto Jacaraípe;Serra;Rua São Pedro;ES
29175842;Conjunto Jacaraípe;Serra;Avenida Talma Rodrigues Ribeiro;ES
29175845;Conjunto Jacaraípe;Serra;Rua Geraldo Costa Alves;ES
29175848;Conjunto Jacaraípe;Serra;Rua Hélio Viana;ES
29175849;Conjunto Jacaraípe;Serra;Rua E;ES
29175850;Conjunto Jacaraípe;Serra;Rua E F;ES
29175851;Conjunto Jacaraípe;Serra;Rua D;ES
29175852;Conjunto Jacaraípe;Serra;Rua A;ES
29175853;Conjunto Jacaraípe;Serra;Rua B;ES
29175854;Conjunto Jacaraípe;Serra;Rua A B;ES
29175855;Conjunto Jacaraípe;Serra;Rua Natalino Ribeiro;ES
29175856;Conjunto Jacaraípe;Serra;Rua Ralph Brememkamp Cunha Lima;ES
29175857;Conjunto Jacaraípe;Serra;Rua C;ES
